student_id,course_id
1,99
1,4
2,87
2,16
2,62
2,7
3,47
3,46
3,23
3,96
3,25
4,58
4,91
4,25
4,81
5,19
5,71
5,20
5,93
5,56
6,7
6,13
6,88
7,46
7,52
8,85
8,68
8,97
9,81
9,26
9,67
9,18
9,68
10,15
10,52
10,59
10,14
11,82
11,6
11,32
11,45
12,47
12,49
12,91
13,11
13,84
13,98
13,20
14,51
14,47
14,42
14,9
15,96
15,6
15,31
15,35
15,9
16,77
16,43
16,82
16,48
16,21
17,26
17,56
18,88
18,6
18,68
18,71
18,67
19,28
19,88
19,69
19,36
19,61
20,97
20,46
20,76
20,28
21,61
21,8
21,47
21,41
21,97
22,87
22,99
22,65
22,2
23,42
23,85
23,5
23,29
23,56
24,44
24,38
24,6
24,65
25,60
25,43
25,21
25,50
26,68
26,83
26,27
26,77
26,98
27,86
27,5
27,12
27,15
27,73
28,13
28,38
29,65
29,67
29,76
29,28
29,25
30,18
30,97
30,17
30,15
30,9
31,58
31,17
31,89
31,18
31,73
32,18
32,1
32,98
32,46
32,42
33,53
33,62
33,45
33,23
34,24
34,57
34,44
34,11
35,67
35,86
35,10
36,16
36,46
36,40
37,63
37,40
37,95
38,72
38,73
39,97
39,49
40,37
40,70
40,20
40,18
41,94
41,70
41,92
41,64
42,51
42,73
43,69
43,65
43,42
43,98
44,87
44,6
45,15
45,75
46,75
46,98
47,99
47,57
47,6
47,74
47,62
48,47
48,50
48,22
49,89
49,7
49,44
50,78
50,64
51,37
51,40
52,28
52,2
53,61
53,57
53,11
53,29
53,79
54,17
54,75
55,22
55,96
55,19
55,71
56,9
56,62
56,8
56,84
56,54
57,69
57,26
57,99
57,80
57,28
58,68
58,84
59,72
59,57
60,73
60,47
60,61
60,5
61,63
61,96
62,13
62,23
62,7
62,22
62,58
63,91
63,31
63,84
64,81
64,80
65,41
65,86
66,63
66,23
66,36
67,77
67,59
67,8
67,7
68,23
68,71
68,48
68,69
69,85
69,97
70,25
70,32
70,40
70,55
71,73
71,60
72,92
72,14
72,22
72,20
72,89
73,59
73,30
73,88
73,52
73,7
74,61
74,94
74,83
75,19
75,66
75,56
75,10
75,41
76,48
76,40
76,79
76,72
76,56
77,42
77,70
77,31
78,87
78,97
78,48
79,41
79,9
79,16
79,67
79,43
80,84
80,16
80,29
81,48
81,30
81,72
82,16
82,64
82,76
83,27
83,61
84,3
84,77
85,16
85,88
85,14
85,46
85,8
86,67
86,38
86,34
87,35
87,2
87,51
87,33
88,94
88,78
88,91
88,80
88,33
89,43
89,14
89,13
89,68
90,95
90,93
90,20
90,50
91,57
91,1
92,64
92,84
92,46
92,40
92,29
93,86
93,6
93,51
93,91
93,83
94,13
94,56
95,51
95,12
95,18
96,8
96,35
96,84
97,93
97,79
98,45
98,32
98,64
98,40
98,90
99,51
99,54
99,15
99,31
99,40
100,95
100,12
100,56
101,62
101,28
101,42
102,6
102,70
102,98
102,76
103,53
103,75
103,77
103,35
104,35
104,16
105,30
105,98
105,55
106,90
106,79
106,99
106,28
107,89
107,54
107,96
108,44
108,31
109,31
109,43
109,53
109,59
109,68
110,43
110,34
110,29
110,39
110,55
111,42
111,35
112,70
112,76
113,31
113,90
113,84
113,8
114,43
114,66
114,29
114,2
115,53
115,89
115,97
116,8
116,61
116,32
116,51
117,28
117,40
117,61
117,33
118,65
118,71
118,58
119,6
119,38
119,58
120,31
120,92
120,58
120,74
120,17
121,67
121,32
121,43
122,54
122,42
122,76
122,39
122,48
123,33
123,94
124,72
124,13
124,53
125,24
125,68
125,9
125,26
125,87
126,23
126,18
126,80
126,38
126,55
127,38
127,49
127,33
127,47
127,2
128,77
128,80
128,53
129,40
129,30
130,30
130,68
131,11
131,4
132,86
132,12
132,31
133,26
133,94
133,30
134,73
134,77
135,68
135,92
136,5
136,73
137,52
137,91
137,6
138,65
138,66
139,38
139,7
139,84
140,47
140,88
140,58
140,23
141,66
141,33
141,59
141,98
141,94
142,12
142,97
142,68
142,82
142,79
143,96
143,71
144,33
144,56
144,16
145,4
145,6
146,63
146,72
146,34
147,46
147,30
147,42
148,95
148,11
149,59
149,93
149,58
150,83
150,23
150,96
150,74
150,5
151,63
151,67
151,97
151,78
151,95
152,13
152,61
152,89
152,55
152,56
153,45
153,90
154,95
154,24
154,11
155,76
155,41
155,13
155,19
155,75
156,37
156,5
157,98
157,12
158,94
158,73
158,96
158,56
159,61
159,52
159,86
160,29
160,45
161,49
161,51
162,36
162,35
163,97
163,82
164,55
164,84
164,1
164,35
165,34
165,27
165,93
166,78
166,91
166,60
166,92
167,69
167,6
168,51
168,59
168,86
169,71
169,62
169,91
170,24
170,56
170,82
171,40
171,62
171,9
171,66
171,94
172,70
172,61
172,69
172,48
173,55
173,82
173,79
173,81
174,44
174,31
174,57
174,48
174,64
175,27
175,39
175,62
175,49
175,31
176,47
176,76
176,61
177,23
177,41
177,17
177,91
178,74
178,50
179,32
179,37
179,73
179,4
179,83
180,77
180,82
180,54
180,78
181,17
181,95
181,52
181,15
181,24
182,22
182,77
182,64
182,42
183,51
183,60
183,26
183,46
184,36
184,29
184,89
184,71
184,95
185,29
185,72
185,7
185,22
185,86
186,42
186,2
186,3
186,54
187,3
187,41
187,8
187,73
188,13
188,16
189,89
189,2
189,13
189,42
189,58
190,96
190,55
190,70
190,33
190,61
191,12
191,92
191,34
191,79
191,21
192,69
192,83
192,46
193,12
193,37
194,82
194,63
195,45
195,38
195,9
195,49
195,99
196,77
196,58
196,74
196,60
197,91
197,13
197,61
198,27
198,55
198,9
198,25
199,82
199,62
199,40
200,25
200,8
200,70
200,74
200,93
201,87
201,3
201,94
202,69
202,33
202,11
202,76
202,59
203,15
203,62
203,53
203,99
204,21
204,73
204,29
204,72
205,3
205,94
206,63
206,60
206,11
207,13
207,53
207,41
207,93
208,20
208,14
208,40
208,67
208,41
209,84
209,38
209,36
209,25
209,79
210,41
210,1
211,41
211,40
211,73
211,48
212,72
212,38
212,32
212,55
213,70
213,11
213,48
214,13
214,60
214,11
214,95
214,20
215,47
215,29
215,6
215,95
216,11
216,85
216,18
216,39
216,45
217,64
217,57
217,36
217,42
218,79
218,88
218,42
218,28
218,77
219,66
219,76
219,25
220,81
220,99
220,25
220,90
221,1
221,67
221,54
221,92
222,55
222,46
222,37
223,19
223,18
224,9
224,60
225,89
225,60
226,64
226,95
226,76
227,31
227,84
227,91
227,35
228,24
228,41
229,64
229,54
230,38
230,3
230,35
231,31
231,76
231,90
232,66
232,49
232,47
232,44
232,63
233,44
233,9
233,56
233,8
233,60
234,94
234,34
234,45
234,51
234,25
235,1
235,40
235,52
235,47
235,98
236,95
236,3
237,17
237,12
237,89
238,96
238,61
238,50
238,10
239,73
239,3
239,77
239,86
240,77
240,79
240,36
240,22
241,88
241,50
242,34
242,3
243,71
243,18
243,35
243,21
243,2
244,30
244,66
244,78
244,55
244,50
245,19
245,64
245,99
245,2
245,46
246,78
246,28
246,37
246,81
246,9
247,28
247,55
247,12
247,32
248,32
248,18
248,23
248,97
248,24
249,75
249,37
250,38
250,75
251,30
251,32
251,53
252,75
252,40
253,19
253,94
253,55
253,74
254,37
254,99
254,94
254,34
255,52
255,98
255,35
255,92
256,47
256,94
256,90
256,66
256,31
257,64
257,60
257,29
257,20
258,58
258,27
259,3
259,90
260,76
260,93
260,94
260,48
260,20
261,10
261,93
261,88
261,11
262,60
262,67
262,94
262,91
263,94
263,21
264,28
264,67
265,69
265,41
265,96
265,58
265,18
266,5
266,26
266,84
266,81
266,82
267,52
267,13
267,56
267,18
268,36
268,79
268,47
268,91
268,93
269,30
269,7
269,95
270,30
270,50
270,44
271,29
271,57
271,62
272,53
272,26
273,39
273,81
273,83
274,80
274,44
274,76
275,82
275,22
275,17
275,61
276,26
276,11
276,94
276,16
276,96
277,76
277,7
277,68
278,10
278,28
278,63
278,2
279,83
279,88
280,68
280,9
280,81
280,35
280,63
281,63
281,25
281,50
281,44
282,70
282,5
283,86
283,92
284,58
284,22
284,86
284,71
284,79
285,84
285,89
285,7
285,10
286,66
286,47
286,10
286,3
287,15
287,23
287,79
287,21
287,90
288,79
288,44
289,62
289,82
289,93
289,27
290,71
290,63
291,43
291,61
292,54
292,36
292,24
292,65
293,45
293,61
294,84
294,44
295,25
295,84
295,36
295,61
296,62
296,43
296,96
296,63
297,85
297,87
298,6
298,54
299,2
299,80
300,1
300,83
300,84
300,39
300,9
301,49
301,91
301,22
301,85
302,91
302,46
303,95
303,9
303,94
303,38
303,30
304,3
304,17
304,71
305,38
305,81
305,30
305,10
305,45
306,47
306,57
306,43
306,73
307,33
307,9
307,13
307,57
307,31
308,31
308,13
308,5
309,48
309,20
309,40
310,40
310,37
311,59
311,88
312,32
312,5
312,46
312,24
312,80
313,36
313,84
313,67
313,3
313,82
314,30
314,41
315,17
315,48
316,40
316,84
316,64
316,89
317,34
317,95
318,97
318,52
318,65
318,53
318,72
319,80
319,55
319,74
319,34
320,54
320,89
321,80
321,25
321,67
322,77
322,27
322,33
322,61
323,92
323,48
323,1
323,36
323,40
324,68
324,61
324,41
324,90
324,98
325,45
325,59
325,4
326,56
326,80
326,70
326,49
326,84
327,88
327,94
327,38
328,9
328,21
328,81
328,7
329,81
329,70
329,64
329,34
329,65
330,16
330,47
330,20
330,28
331,68
331,36
331,2
331,96
331,10
332,28
332,75
332,27
332,59
332,44
333,67
333,50
333,22
333,26
333,61
334,21
334,46
334,1
334,96
335,90
335,44
336,39
336,60
337,35
337,81
337,30
338,21
338,39
338,87
339,24
339,8
339,35
339,70
340,61
340,17
340,62
340,25
341,6
341,72
341,66
342,12
342,85
342,50
343,31
343,65
343,60
343,28
344,71
344,43
345,20
345,92
345,47
345,6
346,94
346,99
346,11
347,32
347,73
347,79
347,28
347,67
348,89
348,7
348,39
349,7
349,20
349,29
349,97
349,43
350,1
350,27
350,54
350,99
350,14
351,80
351,91
352,91
352,23
352,90
352,18
353,70
353,31
354,73
354,77
355,75
355,37
355,42
355,88
356,16
356,20
357,67
357,84
357,52
357,66
358,98
358,29
358,17
358,14
358,93
359,9
359,97
359,35
359,67
360,25
360,49
360,47
360,11
360,69
361,68
361,30
361,22
362,33
362,65
362,83
362,20
363,98
363,18
363,31
363,92
364,99
364,36
364,73
364,68
364,82
365,40
365,6
365,55
365,92
366,35
366,30
366,11
366,13
366,8
367,46
367,67
367,63
367,61
368,90
368,37
368,72
368,6
369,46
369,43
369,33
369,31
369,34
370,46
370,32
370,86
370,20
370,6
371,10
371,55
372,43
372,66
372,91
372,24
372,4
373,11
373,82
373,81
374,33
374,43
374,57
374,46
375,41
375,50
375,17
375,61
375,36
376,63
376,10
376,68
377,96
377,46
377,44
378,25
378,36
379,21
379,87
380,10
380,6
380,31
380,21
380,83
381,53
381,24
382,98
382,42
382,76
382,53
383,8
383,75
383,87
383,59
384,36
384,90
385,93
385,94
385,98
385,41
386,61
386,81
386,62
386,50
386,82
387,40
387,76
387,16
387,82
387,36
388,40
388,20
388,33
388,89
388,39
389,92
389,80
389,52
389,25
389,45
390,95
390,7
390,72
390,27
391,30
391,63
391,31
392,58
392,26
392,30
392,49
392,76
393,72
393,42
393,11
393,26
394,42
394,31
394,7
395,99
395,19
395,85
395,55
395,59
396,1
396,82
396,72
397,57
397,70
397,28
397,82
397,59
398,13
398,20
398,31
399,93
399,8
400,70
400,39
401,58
401,77
401,3
402,56
402,28
402,16
402,1
403,17
403,12
403,2
403,58
404,67
404,90
404,6
405,19
405,84
406,99
406,12
406,70
407,3
407,94
408,10
408,76
408,12
408,98
408,82
409,37
409,6
410,77
410,66
410,89
410,88
411,49
411,95
411,85
411,54
411,92
412,27
412,87
412,8
412,44
412,90
413,10
413,75
413,47
413,71
413,79
414,24
414,7
414,14
415,60
415,95
416,53
416,88
417,79
417,87
417,94
418,80
418,51
418,49
418,23
418,93
419,96
419,2
419,29
419,63
420,98
420,73
421,70
421,88
421,61
422,28
422,5
422,67
422,13
422,62
423,32
423,80
423,84
423,83
424,88
424,44
424,9
425,58
425,8
425,70
426,82
426,70
427,76
427,82
427,34
428,5
428,22
428,29
429,63
429,30
429,19
430,64
430,49
430,59
430,28
430,36
431,20
431,60
431,53
431,29
432,1
432,66
432,26
432,98
433,49
433,60
433,11
434,76
434,34
434,25
434,88
435,64
435,19
435,44
435,71
436,81
436,33
436,94
436,69
437,4
437,76
437,93
437,29
438,33
438,93
438,47
438,99
438,53
439,22
439,98
439,61
439,58
440,89
440,31
440,35
440,63
440,73
441,80
441,57
441,66
442,92
442,3
442,9
442,13
442,59
443,65
443,91
444,74
444,97
444,87
444,80
445,1
445,3
445,14
446,52
446,77
446,32
447,18
447,39
447,46
448,88
448,47
448,16
448,90
448,62
449,34
449,63
450,78
450,72
450,49
450,36
451,52
451,33
451,80
452,1
452,71
452,36
453,60
453,91
453,71
454,11
454,61
455,56
455,64
455,18
455,91
456,84
456,95
456,64
456,32
457,45
457,50
457,31
457,62
458,62
458,58
459,51
459,8
459,64
459,32
459,6
460,18
460,94
460,52
460,33
461,88
461,68
462,80
462,18
462,7
462,65
462,8
463,13
463,1
463,32
463,7
464,31
464,94
464,42
464,58
465,17
465,71
465,18
465,84
466,51
466,78
466,67
466,9
467,79
467,48
467,49
467,39
467,96
468,45
468,37
468,97
468,85
468,17
469,50
469,57
469,87
470,49
470,90
471,78
471,71
471,84
471,23
472,63
472,18
472,14
472,40
472,49
473,94
473,15
473,85
474,9
474,10
475,57
475,64
475,89
476,56
476,45
476,27
476,24
477,1
477,77
478,73
478,52
478,53
478,95
478,85
479,57
479,13
479,50
479,86
479,70
480,91
480,32
480,46
481,31
481,13
481,55
482,78
482,17
482,62
483,79
483,47
483,20
484,99
484,24
485,37
485,48
485,35
485,33
486,64
486,78
487,81
487,69
487,63
487,72
488,28
488,72
489,22
489,28
489,12
490,45
490,74
490,63
490,33
490,66
491,39
491,84
491,62
491,83
491,93
492,9
492,66
492,1
492,99
493,79
493,60
493,36
493,77
494,22
494,4
494,18
495,94
495,18
495,58
496,81
496,11
496,43
497,39
497,1
497,10
497,71
498,23
498,76
499,56
499,16
499,30
499,6
499,9
500,56
500,59
500,73
501,17
501,82
502,99
502,61
502,6
502,30
502,43
503,85
503,49
504,39
504,41
504,8
504,10
505,97
505,51
505,81
505,18
505,30
506,12
506,82
507,51
507,21
507,6
508,26
508,92
508,19
509,79
509,83
509,89
509,58
509,66
510,64
510,30
510,99
510,8
511,26
511,29
511,51
511,48
512,23
512,34
512,74
512,26
512,59
513,10
513,42
513,40
513,65
513,51
514,85
514,39
515,57
515,8
515,51
515,40
515,58
516,67
516,99
516,71
516,63
517,6
517,81
517,27
518,74
518,51
519,96
519,57
519,17
519,89
519,54
520,54
520,32
521,49
521,39
521,18
521,61
522,9
522,63
523,85
523,25
523,52
523,41
524,79
524,43
524,97
524,81
524,48
525,99
525,6
525,71
526,89
526,88
527,1
527,48
527,69
527,23
528,4
528,13
529,40
529,86
529,19
529,48
530,26
530,17
530,63
530,45
531,87
531,15
531,61
531,25
532,95
532,2
533,75
533,90
533,2
534,67
534,11
534,22
535,72
535,1
535,52
535,50
535,22
536,59
536,23
536,30
536,69
537,52
537,22
537,3
538,39
538,80
538,31
539,22
539,73
540,74
540,91
540,38
541,81
541,76
541,58
541,47
542,35
542,3
542,45
542,81
543,61
543,37
543,91
543,84
544,60
544,98
544,1
544,2
544,18
545,13
545,49
545,62
545,75
545,78
546,9
546,47
546,49
546,44
547,7
547,93
547,90
547,87
547,66
548,40
548,95
548,20
548,84
548,18
549,56
549,52
550,74
550,5
550,26
550,65
551,53
551,22
551,14
551,1
552,80
552,48
553,38
553,93
553,86
554,53
554,98
555,50
555,57
555,63
556,65
556,85
556,58
556,52
557,98
557,91
558,46
558,93
558,6
558,76
559,68
559,10
559,4
560,54
560,6
560,80
560,13
561,59
561,83
561,15
562,54
562,8
562,94
562,82
563,83
563,82
563,6
563,31
564,31
564,17
565,35
565,75
565,40
566,35
566,99
566,17
566,87
567,60
567,91
567,98
567,43
568,1
568,33
568,76
569,88
569,65
570,2
570,27
570,8
571,92
571,81
571,80
571,64
572,72
572,84
572,36
572,8
573,28
573,40
573,31
574,31
574,83
574,79
574,17
575,9
575,57
575,30
575,13
576,20
576,69
576,11
576,88
577,12
577,33
577,81
577,66
578,90
578,17
578,82
579,91
579,29
579,75
579,97
580,49
580,1
580,50
580,35
581,60
581,52
581,20
581,89
581,36
582,58
582,43
582,92
582,34
583,47
583,90
583,73
583,8
583,20
584,38
584,87
584,29
585,68
585,7
585,42
585,74
585,17
586,96
586,8
586,71
586,6
587,30
587,37
587,15
588,77
588,2
588,12
588,86
589,66
589,4
590,18
590,7
590,10
590,35
591,63
591,4
592,66
592,9
592,11
592,45
593,69
593,70
594,28
594,72
594,48
594,26
595,17
595,2
595,15
595,80
596,68
596,97
596,93
596,2
596,53
597,17
597,16
597,23
598,96
598,88
599,77
599,51
599,61
599,65
600,74
600,6
601,38
601,23
601,47
601,71
602,51
602,88
603,34
603,32
604,62
604,10
605,7
605,16
605,53
605,76
605,66
606,78
606,91
606,41
606,18
607,83
607,70
607,57
607,2
607,97
608,96
608,98
608,47
609,90
609,58
609,69
609,49
609,53
610,93
610,20
610,65
611,75
611,18
611,78
611,26
612,93
612,54
612,14
613,65
613,44
613,57
613,88
614,60
614,2
615,81
615,21
616,18
616,66
616,62
616,68
617,11
617,45
617,49
618,38
618,22
618,84
618,89
619,40
619,28
619,59
620,94
620,67
620,24
621,37
621,52
621,3
621,42
621,2
622,98
622,39
622,69
623,41
623,35
624,25
624,29
624,91
624,28
624,43
625,56
625,73
625,30
626,92
626,83
626,24
627,24
627,95
627,87
627,53
627,39
628,81
628,28
628,98
629,95
629,99
629,15
629,69
630,42
630,3
631,11
631,84
631,81
631,76
631,45
632,17
632,52
632,19
632,5
633,98
633,39
633,9
633,92
634,64
634,29
634,4
635,13
635,42
635,37
636,57
636,31
636,41
636,15
637,25
637,56
637,37
637,81
637,75
638,84
638,48
638,97
638,33
639,53
639,72
640,63
640,33
640,48
640,15
640,54
641,9
641,51
642,81
642,9
643,47
643,53
643,14
644,52
644,32
644,24
644,67
644,84
645,37
645,55
645,78
646,96
646,15
646,26
646,89
647,63
647,42
648,61
648,99
649,97
649,27
649,41
650,14
650,69
650,95
650,78
651,11
651,93
651,21
652,97
652,42
652,44
652,1
653,77
653,85
654,54
654,49
655,62
655,40
655,96
655,30
656,80
656,31
656,35
656,48
656,17
657,28
657,49
657,69
658,91
658,45
658,86
659,84
659,88
660,50
660,31
660,47
660,82
660,38
661,7
661,49
661,81
661,41
662,97
662,58
662,85
663,32
663,76
663,34
664,15
664,99
664,74
665,43
665,12
665,89
665,65
665,90
666,84
666,27
667,36
667,23
667,70
667,73
667,92
668,30
668,55
669,33
669,99
670,31
670,94
670,91
670,28
671,40
671,58
671,72
672,99
672,42
672,54
672,92
672,51
673,52
673,95
673,5
673,36
673,29
674,84
674,4
674,8
674,39
674,18
675,23
675,73
675,88
675,55
676,52
676,61
676,89
676,5
676,83
677,55
677,91
677,80
677,51
678,31
678,38
679,32
679,55
679,50
679,62
679,76
680,76
680,20
681,68
681,62
682,71
682,88
682,40
682,82
683,82
683,74
683,70
683,89
684,27
684,9
684,96
684,4
685,37
685,89
685,17
685,45
686,63
686,8
686,92
686,4
686,99
687,41
687,74
687,44
687,38
687,35
688,2
688,29
689,76
689,55
689,86
690,60
690,18
690,1
690,33
691,36
691,12
691,18
692,26
692,52
692,95
693,71
693,66
693,54
693,70
693,2
694,29
694,82
695,85
695,6
695,18
696,74
696,97
696,14
697,94
697,81
698,39
698,87
698,73
699,38
699,7
699,83
699,17
699,13
700,57
700,4
700,77
700,3
700,22
701,64
701,87
701,91
701,9
702,21
702,77
702,6
703,80
703,19
703,54
703,57
703,4
704,62
704,77
704,99
705,68
705,28
705,7
705,14
706,81
706,41
706,14
706,19
707,18
707,1
708,49
708,39
708,62
709,49
709,75
709,81
709,23
710,69
710,30
711,21
711,77
711,64
711,67
712,95
712,21
712,32
713,86
713,52
713,46
713,21
713,79
714,38
714,14
714,34
714,40
715,63
715,96
715,78
715,10
715,24
716,78
716,25
716,4
716,9
717,42
717,81
717,38
717,86
718,46
718,26
718,31
718,37
718,61
719,13
719,15
719,63
719,2
719,31
720,5
720,11
721,99
721,98
721,53
722,53
722,27
722,77
722,98
723,95
723,33
723,87
723,11
724,96
724,8
724,14
724,89
724,54
725,2
725,73
725,62
726,66
726,14
726,88
727,53
727,93
727,85
727,69
728,14
728,75
729,49
729,12
729,28
730,54
730,73
731,24
731,34
731,25
731,88
731,4
732,85
732,59
732,24
732,5
732,75
733,90
733,56
733,21
733,54
733,39
734,73
734,51
734,98
735,16
735,47
736,61
736,20
736,99
737,44
737,27
738,2
738,57
738,19
738,62
738,13
739,82
739,77
740,39
740,1
740,41
740,19
741,34
741,48
741,66
741,41
742,46
742,20
743,89
743,18
743,21
744,88
744,66
744,40
744,58
744,44
745,62
745,16
745,45
746,43
746,32
746,15
746,84
747,11
747,27
747,89
748,52
748,80
748,71
749,82
749,66
749,42
749,33
750,9
750,31
751,45
751,55
751,18
751,53
751,68
752,73
752,46
752,84
753,19
753,30
753,55
753,79
753,12
754,79
754,77
754,86
754,73
754,18
755,87
755,51
755,23
755,98
755,35
756,74
756,89
757,94
757,23
758,16
758,78
758,82
759,91
759,18
759,27
759,43
759,35
760,29
760,12
760,82
761,52
761,83
761,84
761,13
761,74
762,8
762,82
762,31
762,6
763,93
763,94
763,80
763,86
764,38
764,65
764,42
764,86
765,72
765,26
765,47
765,33
766,53
766,81
766,93
766,57
766,97
767,34
767,98
767,41
768,90
768,1
768,77
769,86
769,54
769,4
769,20
770,34
770,92
771,42
771,80
771,98
772,3
772,54
772,15
772,92
773,5
773,7
774,8
774,49
775,7
775,68
775,3
775,25
776,44
776,87
777,37
777,23
777,80
777,27
778,58
778,64
778,26
778,48
778,66
779,31
779,68
779,70
779,13
780,75
780,89
781,18
781,22
781,53
782,28
782,30
782,42
782,88
782,46
783,24
783,71
784,21
784,75
784,20
785,51
785,41
785,47
785,73
785,52
786,99
786,65
786,46
787,57
787,26
788,99
788,57
789,4
789,93
789,39
789,40
789,7
790,66
790,28
790,62
790,36
791,89
791,63
791,33
791,43
792,44
792,24
793,19
793,95
793,57
793,79
793,86
794,13
794,72
794,30
795,34
795,82
795,21
796,21
796,90
797,23
797,16
797,67
797,20
797,74
798,27
798,14
798,78
798,56
798,26
799,19
799,69
799,51
800,53
800,32
801,59
801,80
801,28
801,22
801,18
802,7
802,75
803,44
803,29
803,28
804,35
804,43
804,80
804,56
805,46
805,32
805,19
806,56
806,58
806,69
806,7
807,78
807,45
808,78
808,36
808,26
808,89
809,76
809,18
810,79
810,67
810,15
811,78
811,4
811,44
811,2
812,18
812,17
812,86
812,76
812,7
813,50
813,58
814,88
814,73
815,38
815,62
816,28
816,33
816,84
816,49
816,65
817,56
817,50
818,75
818,5
818,92
818,49
819,34
819,36
820,73
820,50
820,39
820,65
820,61
821,38
821,44
821,68
821,18
821,97
822,97
822,74
822,8
822,81
822,1
823,28
823,85
824,61
824,58
824,98
825,44
825,94
826,33
826,3
826,46
826,91
826,34
827,64
827,92
828,9
828,3
828,83
829,76
829,87
829,86
829,11
829,50
830,12
830,76
830,70
831,13
831,14
831,37
832,56
832,18
833,37
833,60
833,50
834,64
834,18
835,2
835,5
836,63
836,6
836,35
836,86
837,99
837,60
838,90
838,30
838,19
838,32
839,91
839,28
839,93
839,2
839,44
840,40
840,96
840,60
840,20
840,81
841,19
841,11
841,98
841,18
842,60
842,74
842,83
842,95
842,93
843,86
843,66
843,42
843,7
843,82
844,18
844,26
844,88
844,50
845,1
845,56
845,98
846,82
846,95
846,85
847,37
847,96
847,64
848,80
848,79
848,88
848,32
848,19
849,9
849,28
849,21
849,74
849,47
850,58
850,66
851,16
851,11
851,77
851,45
851,24
852,60
852,42
852,19
852,70
853,76
853,90
853,59
853,74
854,58
854,30
854,54
854,50
855,63
855,76
855,22
855,42
855,21
856,93
856,36
856,54
856,78
857,26
857,66
857,69
857,49
857,50
858,37
858,43
858,3
859,6
859,88
860,67
860,31
861,36
861,42
861,44
861,18
862,23
862,4
862,38
863,44
863,59
863,60
863,39
863,30
864,74
864,66
865,56
865,71
865,96
865,3
865,30
866,22
866,30
866,46
866,91
867,17
867,28
867,82
867,83
867,29
868,97
868,49
868,61
868,59
868,96
869,60
869,37
869,80
870,82
870,43
870,79
870,17
870,19
871,22
871,58
871,80
871,79
872,46
872,89
873,29
873,85
873,19
873,22
873,68
874,12
874,16
874,68
875,19
875,10
875,11
876,18
876,82
876,7
877,69
877,75
877,3
878,97
878,32
878,87
879,71
879,69
879,36
879,63
879,81
880,33
880,40
880,32
880,3
881,14
881,75
881,30
881,32
881,34
882,41
882,38
882,67
882,29
883,90
883,12
883,74
884,90
884,62
884,54
884,69
885,55
885,83
886,84
886,19
886,68
886,89
887,1
887,3
887,70
887,99
887,20
888,84
888,60
888,78
889,26
889,22
889,28
890,64
890,25
890,75
890,14
890,17
891,18
891,70
891,6
891,57
891,19
892,98
892,76
892,10
892,8
893,29
893,73
893,71
893,48
894,55
894,35
894,78
894,37
894,36
895,96
895,27
895,67
895,5
896,37
896,63
896,98
896,83
897,11
897,32
898,94
898,39
899,24
899,33
899,89
899,83
900,67
900,92
900,23
900,82
900,77
901,12
901,60
902,13
902,86
902,53
903,84
903,18
903,78
903,3
904,12
904,4
904,72
905,7
905,53
905,83
905,79
906,74
906,14
906,81
907,54
907,44
908,86
908,71
908,32
908,39
909,48
909,22
909,44
909,37
910,58
910,22
911,35
911,49
911,3
911,29
912,22
912,48
912,64
912,68
913,57
913,64
913,71
913,50
913,22
914,5
914,99
914,46
914,90
915,87
915,24
915,43
915,74
915,73
916,56
916,99
916,8
916,12
916,80
917,36
917,93
917,62
917,39
918,40
918,55
918,38
918,2
919,82
919,71
919,55
919,86
920,69
920,41
920,28
920,65
920,32
921,62
921,56
922,21
922,53
923,29
923,48
924,1
924,65
924,28
924,7
925,56
925,65
925,22
925,38
925,63
926,72
926,96
926,17
926,31
927,36
927,34
927,31
927,88
927,99
928,14
928,99
928,98
928,49
929,83
929,51
930,2
930,24
930,99
930,82
931,3
931,38
932,15
932,34
932,56
933,87
933,99
933,24
934,6
934,41
934,61
934,88
934,32
935,32
935,95
935,98
935,8
936,81
936,12
937,45
937,97
937,87
938,7
938,66
938,80
938,52
939,9
939,28
939,51
940,99
940,22
940,26
940,73
941,9
941,24
941,5
941,19
941,84
942,82
942,33
942,83
942,57
942,93
943,67
943,8
943,88
943,44
943,68
944,54
944,13
944,97
944,28
944,4
945,33
945,18
945,16
945,46
945,36
946,99
946,61
946,83
947,2
947,19
947,62
947,7
948,80
948,37
949,71
949,43
949,55
949,65
950,4
950,37
950,17
950,58
951,45
951,36
951,88
952,52
952,36
953,20
953,47
953,59
954,9
954,12
954,58
955,32
955,2
955,34
955,51
956,29
956,61
956,70
957,59
957,74
957,94
958,84
958,77
958,3
958,79
959,86
959,42
960,73
960,24
960,5
961,48
961,32
961,89
961,5
962,45
962,29
962,25
962,38
963,86
963,40
963,61
963,36
963,22
964,49
964,81
965,88
965,47
965,20
965,14
965,92
966,54
966,40
967,36
967,31
967,20
967,64
968,21
968,74
968,61
968,95
969,56
969,64
969,68
969,67
969,30
970,87
970,83
970,5
970,67
971,9
971,77
971,29
971,84
971,61
972,50
972,48
973,69
973,79
974,73
974,29
974,95
975,63
975,43
976,1
976,9
976,41
976,54
977,32
977,52
977,83
977,30
977,97
978,52
978,8
979,70
979,61
980,37
980,21
981,33
981,55
982,5
982,11
982,1
983,38
983,84
983,90
983,30
983,48
984,55
984,64
984,23
984,70
984,9
985,69
985,49
986,69
986,71
987,19
987,82
987,12
988,23
988,28
988,49
989,42
989,87
989,66
990,14
990,13
990,31
990,44
991,13
991,64
991,24
992,59
992,70
992,92
992,8
992,16
993,13
993,47
993,65
994,37
994,62
994,59
995,68
995,91
995,99
995,93
996,13
996,46
997,3
997,77
997,34
998,53
998,20
999,56
999,40
999,14
999,52
999,6
1000,2
1000,68
1000,29
1000,65
1000,54
1001,80
1001,7
1001,27
1001,59
1001,98
1002,11
1002,29
1002,57
1002,9
1003,69
1003,11
1003,62
1004,63
1004,39
1004,92
1004,42
1005,82
1005,58
1005,76
1005,24
1006,83
1006,37
1006,88
1006,18
1006,95
1007,55
1007,63
1008,99
1008,22
1008,39
1008,76
1008,53
1009,32
1009,90
1009,35
1010,18
1010,40
1010,5
1010,28
1010,81
1011,36
1011,73
1011,84
1012,70
1012,30
1012,11
1012,90
1013,33
1013,2
1013,10
1014,41
1014,23
1014,65
1015,22
1015,7
1016,62
1016,18
1016,95
1016,33
1016,20
1017,4
1017,29
1017,99
1018,26
1018,97
1018,71
1019,95
1019,41
1019,86
1019,5
1020,96
1020,37
1021,97
1021,76
1021,84
1021,71
1021,34
1022,7
1022,65
1022,69
1022,83
1022,91
1023,60
1023,34
1023,39
1024,95
1024,65
1024,94
1025,15
1025,57
1025,75
1026,82
1026,91
1026,53
1027,63
1027,35
1027,41
1027,80
1028,91
1028,75
1028,71
1029,11
1029,45
1029,25
1029,47
1030,60
1030,16
1030,71
1030,47
1030,65
1031,38
1031,58
1031,21
1032,22
1032,60
1032,56
1033,40
1033,38
1033,34
1033,70
1034,40
1034,71
1035,71
1035,9
1036,30
1036,22
1037,23
1037,65
1037,46
1037,98
1037,50
1038,38
1038,61
1038,72
1038,86
1038,45
1039,89
1039,96
1039,69
1040,32
1040,89
1040,80
1040,45
1040,96
1041,95
1041,15
1041,35
1041,7
1042,88
1042,79
1042,54
1042,75
1042,97
1043,28
1043,82
1043,56
1044,67
1044,1
1045,27
1045,37
1045,39
1046,60
1046,76
1047,39
1047,81
1047,41
1047,36
1048,35
1048,59
1048,74
1048,15
1049,90
1049,64
1049,46
1050,71
1050,90
1050,1
1050,3
1051,16
1051,29
1051,44
1051,69
1051,13
1052,96
1052,52
1052,82
1052,97
1053,62
1053,79
1053,51
1053,25
1054,86
1054,27
1054,83
1054,39
1054,23
1055,40
1055,5
1055,95
1056,14
1056,83
1057,3
1057,6
1057,63
1057,19
1057,34
1058,20
1058,56
1058,41
1059,48
1059,83
1060,21
1060,4
1060,49
1061,55
1061,30
1061,34
1061,19
1061,66
1062,88
1062,29
1062,43
1063,79
1063,36
1064,28
1064,84
1064,33
1064,22
1065,86
1065,67
1065,66
1065,81
1066,39
1066,93
1066,99
1067,6
1067,43
1067,60
1067,33
1067,96
1068,26
1068,76
1069,7
1069,39
1070,57
1070,70
1070,97
1071,54
1071,11
1072,32
1072,69
1073,72
1073,70
1073,49
1074,29
1074,95
1074,74
1074,6
1075,81
1075,46
1075,14
1075,78
1075,40
1076,86
1076,15
1076,80
1077,43
1077,54
1077,97
1078,85
1078,10
1079,34
1079,5
1079,9
1080,58
1080,30
1080,55
1081,57
1081,31
1081,4
1082,32
1082,86
1082,70
1082,26
1083,82
1083,76
1083,53
1083,28
1083,48
1084,17
1084,74
1084,84
1084,8
1084,6
1085,53
1085,37
1085,56
1085,42
1085,94
1086,86
1086,15
1086,22
1086,53
1086,52
1087,23
1087,63
1087,15
1088,23
1088,8
1088,73
1089,76
1089,49
1089,37
1089,73
1090,43
1090,93
1090,50
1090,33
1090,44
1091,71
1091,18
1091,17
1091,35
1091,9
1092,32
1092,57
1092,5
1092,90
1093,84
1093,38
1094,32
1094,33
1095,57
1095,37
1095,68
1095,84
1095,1
1096,53
1096,74
1096,37
1097,54
1097,60
1097,39
1098,61
1098,75
1098,86
1099,17
1099,92
1100,61
1100,78
1101,54
1101,94
1102,34
1102,86
1103,19
1103,15
1104,1
1104,4
1104,65
1105,33
1105,43
1105,94
1106,19
1106,74
1107,88
1107,79
1108,21
1108,17
1108,52
1108,90
1109,63
1109,20
1110,34
1110,63
1110,23
1111,95
1111,34
1112,8
1112,10
1112,79
1113,88
1113,65
1114,30
1114,80
1114,71
1114,11
1114,5
1115,29
1115,80
1115,93
1115,83
1116,3
1116,50
1117,20
1117,81
1117,74
1117,50
1117,67
1118,19
1118,78
1118,41
1118,99
1119,9
1119,93
1119,62
1120,40
1120,49
1120,4
1120,69
1120,19
1121,15
1121,32
1121,82
1121,57
1122,50
1122,71
1122,10
1122,89
1122,4
1123,41
1123,60
1124,85
1124,20
1125,80
1125,33
1125,39
1126,66
1126,4
1126,96
1126,90
1126,78
1127,24
1127,43
1128,99
1128,87
1128,44
1128,23
1128,1
1129,83
1129,85
1129,61
1129,11
1130,29
1130,84
1130,8
1130,78
1131,84
1131,64
1131,53
1131,67
1132,96
1132,32
1132,17
1133,40
1133,19
1133,44
1133,33
1134,52
1134,44
1135,31
1135,5
1135,66
1135,30
1135,54
1136,94
1136,91
1136,82
1137,65
1137,6
1138,20
1138,60
1138,68
1138,79
1138,23
1139,22
1139,62
1139,24
1139,98
1139,15
1140,43
1140,35
1141,94
1141,57
1141,88
1142,62
1142,88
1142,73
1142,83
1142,55
1143,72
1143,74
1144,93
1144,63
1144,68
1144,24
1144,39
1145,77
1145,29
1146,35
1146,28
1146,88
1147,61
1147,9
1147,5
1147,41
1148,11
1148,86
1148,10
1148,93
1148,7
1149,82
1149,96
1149,2
1149,17
1149,8
1150,48
1150,9
1150,17
1150,31
1151,30
1151,22
1151,2
1151,89
1151,51
1152,99
1152,9
1152,57
1152,83
1152,72
1153,46
1153,31
1153,97
1154,57
1154,67
1154,11
1154,79
1154,1
1155,60
1155,89
1155,28
1155,52
1155,21
1156,11
1156,61
1156,73
1156,59
1157,83
1157,20
1157,25
1157,48
1157,19
1158,13
1158,57
1159,56
1159,36
1159,8
1159,95
1159,81
1160,69
1160,47
1160,29
1160,28
1160,53
1161,77
1161,65
1161,1
1161,95
1162,46
1162,77
1162,81
1163,85
1163,15
1164,87
1164,69
1165,12
1165,83
1165,76
1165,57
1166,76
1166,96
1166,49
1167,64
1167,49
1167,94
1167,88
1168,27
1168,43
1168,12
1168,13
1169,17
1169,54
1169,61
1169,18
1169,93
1170,64
1170,56
1170,35
1170,85
1171,97
1171,25
1171,13
1171,8
1172,36
1172,96
1172,67
1173,45
1173,82
1174,97
1174,24
1175,2
1175,78
1175,9
1176,91
1176,82
1176,54
1177,32
1177,85
1177,15
1177,25
1178,27
1178,23
1178,66
1179,15
1179,69
1179,81
1179,66
1179,79
1180,50
1180,48
1180,29
1180,51
1180,21
1181,33
1181,98
1181,51
1181,12
1181,40
1182,66
1182,74
1183,22
1183,81
1183,43
1184,60
1184,17
1184,39
1184,49
1185,37
1185,78
1185,26
1186,7
1186,93
1187,5
1187,16
1187,45
1187,75
1187,65
1188,27
1188,53
1188,37
1188,57
1188,50
1189,30
1189,84
1189,26
1189,73
1190,14
1190,82
1190,23
1190,49
1191,60
1191,17
1192,60
1192,6
1192,13
1192,53
1193,73
1193,89
1194,60
1194,28
1194,79
1194,75
1194,71
1195,71
1195,28
1195,70
1195,48
1196,50
1196,95
1196,44
1196,75
1197,5
1197,84
1197,93
1198,94
1198,8
1198,86
1198,50
1198,72
1199,12
1199,20
1199,19
1199,23
1199,99
1200,62
1200,73
1200,81
1201,37
1201,63
1202,20
1202,17
1203,29
1203,13
1203,58
1203,14
1203,23
1204,88
1204,52
1204,19
1205,70
1205,60
1205,89
1206,77
1206,79
1206,22
1206,48
1206,32
1207,95
1207,41
1207,26
1207,83
1207,52
1208,64
1208,96
1208,22
1208,42
1208,39
1209,13
1209,7
1210,9
1210,15
1211,66
1211,85
1211,82
1211,69
1212,18
1212,97
1212,48
1212,3
1213,94
1213,48
1213,18
1214,36
1214,51
1214,46
1214,73
1214,33
1215,88
1215,1
1215,59
1216,25
1216,75
1216,20
1216,41
1216,13
1217,90
1217,71
1218,60
1218,32
1219,18
1219,33
1220,44
1220,35
1221,26
1221,75
1221,9
1221,55
1222,37
1222,29
1223,12
1223,90
1224,85
1224,61
1224,19
1224,25
1225,10
1225,76
1225,74
1225,97
1226,98
1226,47
1226,9
1226,39
1226,68
1227,43
1227,31
1227,24
1227,60
1228,56
1228,81
1228,7
1228,15
1229,85
1229,60
1230,51
1230,75
1230,27
1230,26
1231,46
1231,7
1231,47
1232,68
1232,99
1233,90
1233,6
1233,5
1233,85
1233,42
1234,93
1234,89
1234,60
1235,8
1235,23
1235,37
1235,50
1236,98
1236,17
1237,71
1237,7
1237,81
1238,94
1238,9
1238,55
1239,34
1239,66
1239,61
1239,38
1240,89
1240,19
1241,69
1241,19
1242,47
1242,72
1242,87
1242,49
1243,61
1243,34
1244,21
1244,70
1244,27
1245,29
1245,63
1245,30
1246,79
1246,15
1246,87
1246,91
1246,89
1247,48
1247,94
1247,47
1247,55
1247,19
1248,25
1248,90
1248,74
1248,86
1249,8
1249,95
1249,7
1249,69
1249,72
1250,50
1250,96
1250,42
1251,81
1251,47
1251,91
1251,64
1251,95
1252,43
1252,6
1252,94
1252,3
1252,17
1253,38
1253,97
1253,77
1253,46
1253,88
1254,29
1254,61
1254,87
1254,68
1255,22
1255,23
1255,36
1255,3
1256,67
1256,77
1256,8
1257,48
1257,89
1257,62
1258,95
1258,37
1258,96
1258,35
1258,71
1259,72
1259,49
1259,77
1260,71
1260,39
1260,24
1260,18
1260,50
1261,37
1261,25
1261,38
1261,21
1261,73
1262,92
1262,75
1262,22
1262,42
1262,28
1263,56
1263,29
1263,34
1263,9
1263,8
1264,82
1264,20
1264,92
1265,47
1265,10
1265,51
1266,43
1266,64
1266,87
1266,23
1266,49
1267,13
1267,24
1267,57
1267,27
1267,59
1268,37
1268,87
1268,22
1268,33
1269,31
1269,94
1269,79
1270,96
1270,62
1271,26
1271,8
1271,24
1271,77
1271,40
1272,4
1272,31
1272,19
1272,1
1272,38
1273,50
1273,60
1273,14
1273,79
1273,17
1274,86
1274,74
1274,58
1274,64
1274,76
1275,62
1275,5
1276,55
1276,36
1277,11
1277,32
1278,78
1278,44
1278,20
1278,10
1279,15
1279,81
1279,86
1279,96
1279,61
1280,34
1280,87
1280,8
1280,13
1280,50
1281,30
1281,7
1281,22
1281,27
1282,35
1282,52
1282,8
1283,14
1283,82
1284,7
1284,67
1284,59
1284,94
1284,98
1285,65
1285,97
1286,54
1286,66
1287,33
1287,52
1287,51
1287,96
1287,82
1288,83
1288,41
1288,80
1288,63
1288,78
1289,86
1289,83
1290,17
1290,34
1290,50
1290,11
1291,97
1291,50
1291,27
1291,35
1291,10
1292,44
1292,84
1292,51
1293,71
1293,66
1294,98
1294,28
1294,5
1295,38
1295,92
1295,87
1296,5
1296,59
1297,26
1297,11
1297,95
1298,98
1298,23
1298,25
1298,4
1298,39
1299,91
1299,82
1299,33
1300,24
1300,48
1301,28
1301,74
1301,12
1301,86
1302,28
1302,99
1302,84
1302,47
1303,35
1303,89
1304,11
1304,84
1304,3
1304,87
1305,83
1305,16
1305,71
1306,60
1306,33
1306,28
1306,58
1306,84
1307,36
1307,56
1307,59
1307,30
1307,57
1308,4
1308,79
1308,85
1308,61
1309,53
1309,18
1309,59
1309,24
1309,28
1310,35
1310,91
1310,38
1310,59
1311,2
1311,98
1311,93
1312,35
1312,72
1312,41
1312,50
1313,69
1313,3
1314,83
1314,48
1314,21
1315,21
1315,33
1316,41
1316,68
1317,38
1317,35
1318,23
1318,38
1319,59
1319,1
1319,24
1319,50
1319,89
1320,62
1320,53
1320,31
1320,12
1320,98
1321,53
1321,64
1321,81
1321,3
1322,53
1322,88
1323,73
1323,56
1323,52
1323,66
1324,41
1324,36
1324,46
1325,66
1325,11
1326,21
1326,41
1326,22
1326,60
1326,76
1327,67
1327,58
1327,72
1327,11
1327,88
1328,35
1328,79
1328,85
1328,1
1329,11
1329,51
1330,2
1330,17
1331,9
1331,97
1332,99
1332,46
1332,26
1332,22
1333,67
1333,9
1333,46
1334,91
1334,5
1334,41
1334,84
1335,92
1335,57
1335,38
1335,6
1335,37
1336,9
1336,1
1336,72
1336,80
1337,41
1337,81
1337,4
1338,42
1338,92
1338,75
1338,91
1339,64
1339,16
1340,88
1340,43
1340,41
1340,79
1340,77
1341,80
1341,24
1341,58
1341,32
1341,79
1342,68
1342,56
1342,40
1343,25
1343,11
1343,24
1344,35
1344,90
1344,70
1345,41
1345,98
1345,77
1345,66
1346,72
1346,55
1346,65
1346,36
1346,62
1347,97
1347,27
1347,1
1347,23
1348,59
1348,49
1348,60
1348,97
1348,69
1349,36
1349,83
1349,69
1349,41
1349,85
1350,39
1350,38
1351,70
1351,63
1351,12
1352,29
1352,48
1352,99
1353,17
1353,63
1353,69
1354,11
1354,29
1354,71
1354,88
1355,71
1355,1
1355,8
1355,83
1356,78
1356,46
1357,80
1357,61
1358,64
1358,22
1358,66
1358,99
1358,6
1359,78
1359,19
1359,17
1359,26
1360,87
1360,34
1360,57
1360,7
1361,57
1361,47
1362,48
1362,68
1362,7
1362,53
1362,28
1363,92
1363,54
1363,14
1363,31
1364,45
1364,70
1364,82
1365,41
1365,51
1365,76
1365,31
1366,11
1366,57
1367,10
1367,52
1367,54
1367,70
1367,60
1368,53
1368,68
1368,9
1368,61
1369,72
1369,11
1370,71
1370,96
1370,58
1370,82
1370,88
1371,34
1371,10
1371,50
1371,32
1372,42
1372,7
1373,66
1373,24
1373,78
1373,14
1374,63
1374,83
1374,43
1375,75
1375,67
1375,28
1375,88
1376,83
1376,65
1376,5
1377,66
1377,43
1377,9
1378,18
1378,78
1379,81
1379,3
1379,82
1380,57
1380,86
1381,6
1381,30
1381,95
1381,28
1381,36
1382,20
1382,31
1382,82
1382,11
1382,87
1383,37
1383,36
1383,73
1384,6
1384,76
1384,26
1384,39
1384,23
1385,14
1385,81
1385,5
1385,38
1386,29
1386,85
1387,34
1387,9
1387,87
1387,31
1387,77
1388,17
1388,76
1388,1
1388,73
1389,64
1389,28
1390,6
1390,96
1390,52
1391,48
1391,42
1391,53
1391,67
1391,65
1392,36
1392,46
1392,95
1393,51
1393,46
1394,85
1394,11
1395,93
1395,13
1395,34
1396,73
1396,47
1396,61
1397,95
1397,14
1397,38
1397,60
1398,43
1398,72
1398,3
1398,63
1399,35
1399,25
1399,89
1399,91
1400,67
1400,60
1400,46
1400,92
1401,92
1401,69
1401,53
1402,38
1402,11
1402,3
1403,2
1403,75
1403,31
1404,61
1404,51
1404,39
1404,98
1405,21
1405,40
1405,54
1406,76
1406,83
1406,8
1407,27
1407,60
1407,98
1407,2
1408,14
1408,63
1408,2
1408,84
1408,86
1409,7
1409,16
1409,86
1409,56
1409,82
1410,6
1410,30
1411,50
1411,34
1411,92
1411,98
1412,11
1412,66
1412,84
1412,99
1413,95
1413,57
1413,92
1413,54
1414,74
1414,98
1414,92
1415,73
1415,68
1415,12
1415,14
1415,45
1416,73
1416,32
1416,11
1417,56
1417,53
1417,12
1417,23
1417,92
1418,92
1418,13
1418,49
1418,12
1419,88
1419,10
1419,18
1419,33
1420,58
1420,61
1420,36
1420,25
1420,49
1421,79
1421,28
1421,67
1421,75
1421,62
1422,92
1422,69
1422,75
1422,28
1422,29
1423,6
1423,75
1423,88
1423,94
1423,18
1424,1
1424,45
1424,37
1424,13
1424,19
1425,29
1425,20
1425,90
1425,37
1426,8
1426,52
1426,6
1426,61
1427,50
1427,59
1427,80
1427,43
1427,12
1428,98
1428,45
1428,44
1428,48
1429,87
1429,63
1429,37
1430,40
1430,21
1431,59
1431,43
1431,45
1432,66
1432,13
1432,23
1433,52
1433,36
1434,71
1434,28
1434,46
1435,56
1435,68
1435,31
1436,53
1436,45
1437,13
1437,61
1437,24
1437,43
1438,90
1438,73
1438,21
1438,69
1439,43
1439,53
1439,30
1440,13
1440,33
1440,31
1441,74
1441,50
1441,48
1441,75
1442,50
1442,11
1442,6
1443,67
1443,42
1444,54
1444,98
1445,85
1445,89
1445,98
1446,77
1446,86
1446,51
1447,51
1447,63
1448,4
1448,24
1448,68
1449,77
1449,6
1449,48
1450,45
1450,39
1450,46
1450,96
1450,91
1451,78
1451,98
1451,16
1451,90
1451,21
1452,19
1452,86
1452,56
1453,1
1453,95
1453,88
1453,87
1454,68
1454,53
1454,10
1454,20
1455,28
1455,71
1455,97
1455,18
1456,62
1456,91
1456,7
1456,98
1456,53
1457,89
1457,99
1458,53
1458,12
1458,8
1459,13
1459,45
1459,27
1460,55
1460,32
1460,46
1460,44
1460,82
1461,78
1461,89
1461,90
1461,80
1461,20
1462,81
1462,38
1462,28
1463,32
1463,98
1463,96
1463,20
1464,46
1464,27
1464,15
1465,46
1465,32
1465,12
1466,34
1466,24
1466,5
1467,86
1467,10
1467,26
1468,7
1468,10
1469,63
1469,48
1469,73
1470,43
1470,38
1470,54
1471,42
1471,34
1472,44
1472,83
1472,89
1472,34
1472,38
1473,56
1473,89
1473,92
1473,64
1474,76
1474,88
1474,86
1474,9
1475,23
1475,7
1475,22
1475,78
1476,19
1476,23
1476,24
1476,63
1477,59
1477,80
1477,71
1478,83
1478,52
1478,55
1478,4
1478,45
1479,99
1479,25
1479,68
1479,57
1479,49
1480,12
1480,62
1480,98
1480,18
1481,81
1481,3
1481,43
1481,54
1482,41
1482,43
1482,23
1482,76
1483,88
1483,34
1484,33
1484,23
1485,50
1485,71
1486,93
1486,38
1486,84
1486,75
1486,83
1487,6
1487,85
1487,64
1487,32
1488,46
1488,10
1489,66
1489,30
1489,67
1489,59
1489,9
1490,50
1490,71
1491,86
1491,45
1492,73
1492,42
1492,35
1493,89
1493,66
1493,35
1494,46
1494,94
1494,52
1494,16
1495,33
1495,17
1495,15
1495,85
1496,70
1496,20
1496,50
1497,50
1497,18
1498,85
1498,44
1498,53
1499,71
1499,67
1499,22
1499,51
